vintage_year,target_year,assumed_tfr_mid,assumed_tfr_high,assumed_tfr_low,forecast_source_url,forecast_published_date,notes
1992,1991,1.53469,1.53469,1.53469,https://www.ipss.go.jp/syoushika/bunken/data/pdf/101827_4.pdf,1992-09-30,
1992,1992,1.51112,1.54575,1.48527,https://www.ipss.go.jp/syoushika/bunken/data/pdf/101827_4.pdf,1992-09-30,
1992,1993,1.49934,1.56748,1.43674,https://www.ipss.go.jp/syoushika/bunken/data/pdf/101827_4.pdf,1992-09-30,
1992,1994,1.49495,1.59491,1.40203,https://www.ipss.go.jp/syoushika/bunken/data/pdf/101827_4.pdf,1992-09-30,
1992,1995,1.49963,1.62918,1.36558,https://www.ipss.go.jp/syoushika/bunken/data/pdf/101827_4.pdf,1992-09-30,
1992,1996,1.51132,1.66821,1.36558,https://www.ipss.go.jp/syoushika/bunken/data/pdf/101827_4.pdf,1992-09-30,
1992,1997,1.52893,1.70951,1.35957,https://www.ipss.go.jp/syoushika/bunken/data/pdf/101827_4.pdf,1992-09-30,
1992,1998,1.55116,1.75886,1.36155,https://www.ipss.go.jp/syoushika/bunken/data/pdf/101827_4.pdf,1992-09-30,
1992,1999,1.57631,1.79379,1.36661,https://www.ipss.go.jp/syoushika/bunken/data/pdf/101827_4.pdf,1992-09-30,
1992,2000,1.60308,1.83429,1.37338,https://www.ipss.go.jp/syoushika/bunken/data/pdf/101827_4.pdf,1992-09-30,
1992,2001,1.62986,1.87241,1.38127,https://www.ipss.go.jp/syoushika/bunken/data/pdf/101827_4.pdf,1992-09-30,
1992,2002,1.65541,1.90734,1.38971,https://www.ipss.go.jp/syoushika/bunken/data/pdf/101827_4.pdf,1992-09-30,
1992,2003,1.67884,1.93837,1.39817,https://www.ipss.go.jp/syoushika/bunken/data/pdf/101827_4.pdf,1992-09-30,
1992,2004,1.69973,1.96544,1.40632,https://www.ipss.go.jp/syoushika/bunken/data/pdf/101827_4.pdf,1992-09-30,
1992,2005,1.71815,1.98901,1.41386,https://www.ipss.go.jp/syoushika/bunken/data/pdf/101827_4.pdf,1992-09-30,
1992,2006,1.73411,2.00948,1.42054,https://www.ipss.go.jp/syoushika/bunken/data/pdf/101827_4.pdf,1992-09-30,
1992,2007,1.74749,2.02662,1.42636,https://www.ipss.go.jp/syoushika/bunken/data/pdf/101827_4.pdf,1992-09-30,
1992,2008,1.75880,2.04099,1.43130,https://www.ipss.go.jp/syoushika/bunken/data/pdf/101827_4.pdf,1992-09-30,
1992,2009,1.76819,2.05295,1.43539,https://www.ipss.go.jp/syoushika/bunken/data/pdf/101827_4.pdf,1992-09-30,
1992,2010,1.77591,2.06257,1.43875,https://www.ipss.go.jp/syoushika/bunken/data/pdf/101827_4.pdf,1992-09-30,
1992,2011,1.78221,2.07042,1.44147,https://www.ipss.go.jp/syoushika/bunken/data/pdf/101827_4.pdf,1992-09-30,
1992,2012,1.78721,2.07651,1.44367,https://www.ipss.go.jp/syoushika/bunken/data/pdf/101827_4.pdf,1992-09-30,
1992,2013,1.79111,2.08109,1.44540,https://www.ipss.go.jp/syoushika/bunken/data/pdf/101827_4.pdf,1992-09-30,
1992,2014,1.79403,2.08440,1.44675,https://www.ipss.go.jp/syoushika/bunken/data/pdf/101827_4.pdf,1992-09-30,
1992,2015,1.79615,2.08663,1.44780,https://www.ipss.go.jp/syoushika/bunken/data/pdf/101827_4.pdf,1992-09-30,
1992,2016,1.79780,2.08834,1.44853,https://www.ipss.go.jp/syoushika/bunken/data/pdf/101827_4.pdf,1992-09-30,
1992,2017,1.79874,2.08909,1.44907,https://www.ipss.go.jp/syoushika/bunken/data/pdf/101827_4.pdf,1992-09-30,
1992,2018,1.79936,2.08954,1.44945,https://www.ipss.go.jp/syoushika/bunken/data/pdf/101827_4.pdf,1992-09-30,
1992,2019,1.79971,2.08977,1.44971,https://www.ipss.go.jp/syoushika/bunken/data/pdf/101827_4.pdf,1992-09-30,
1992,2020,1.79990,2.08992,1.44987,https://www.ipss.go.jp/syoushika/bunken/data/pdf/101827_4.pdf,1992-09-30,
1992,2021,1.80000,2.09000,1.44995,https://www.ipss.go.jp/syoushika/bunken/data/pdf/101827_4.pdf,1992-09-30,
1992,2022,1.80000,2.09000,1.44999,https://www.ipss.go.jp/syoushika/bunken/data/pdf/101827_4.pdf,1992-09-30,
1992,2023,1.80000,2.09000,1.45000,https://www.ipss.go.jp/syoushika/bunken/data/pdf/101827_4.pdf,1992-09-30,
1992,2024,1.80000,2.09000,1.45000,https://www.ipss.go.jp/syoushika/bunken/data/pdf/101827_4.pdf,1992-09-30,
1992,2025,1.80000,2.09000,1.45000,https://www.ipss.go.jp/syoushika/bunken/data/pdf/101827_4.pdf,1992-09-30,
1997,1995,1.42170,1.42170,1.42170,https://www.ipss.go.jp/syoushika/bunken/data/pdf/120010.pdf,1997-04-25,
1997,1996,1.42151,1.42151,1.42151,https://www.ipss.go.jp/syoushika/bunken/data/pdf/120010.pdf,1997-04-25,
1997,1997,1.39656,1.42620,1.37903,https://www.ipss.go.jp/syoushika/bunken/data/pdf/120010.pdf,1997-04-25,
1997,1998,1.38530,1.44524,1.35025,https://www.ipss.go.jp/syoushika/bunken/data/pdf/120010.pdf,1997-04-25,
1997,1999,1.38001,1.47012,1.32764,https://www.ipss.go.jp/syoushika/bunken/data/pdf/120010.pdf,1997-04-25,
1997,2000,1.37987,1.49919,1.31050,https://www.ipss.go.jp/syoushika/bunken/data/pdf/120010.pdf,1997-04-25,
1997,2001,1.38393,1.53074,1.29801,https://www.ipss.go.jp/syoushika/bunken/data/pdf/120010.pdf,1997-04-25,
1997,2002,1.39131,1.56327,1.28936,https://www.ipss.go.jp/syoushika/bunken/data/pdf/120010.pdf,1997-04-25,
1997,2003,1.40124,1.59545,1.28387,https://www.ipss.go.jp/syoushika/bunken/data/pdf/120010.pdf,1997-04-25,
1997,2004,1.41306,1.62632,1.28105,https://www.ipss.go.jp/syoushika/bunken/data/pdf/120010.pdf,1997-04-25,
1997,2005,1.42630,1.65537,1.28053,https://www.ipss.go.jp/syoushika/bunken/data/pdf/120010.pdf,1997-04-25,
1997,2006,1.44045,1.68212,1.28203,https://www.ipss.go.jp/syoushika/bunken/data/pdf/120010.pdf,1997-04-25,
1997,2007,1.45516,1.70628,1.28531,https://www.ipss.go.jp/syoushika/bunken/data/pdf/120010.pdf,1997-04-25,
1997,2008,1.47005,1.72782,1.29010,https://www.ipss.go.jp/syoushika/bunken/data/pdf/120010.pdf,1997-04-25,
1997,2009,1.48475,1.74684,1.29612,https://www.ipss.go.jp/syoushika/bunken/data/pdf/120010.pdf,1997-04-25,
1997,2010,1.49890,1.76345,1.30309,https://www.ipss.go.jp/syoushika/bunken/data/pdf/120010.pdf,1997-04-25,
1997,2011,1.51221,1.77781,1.31064,https://www.ipss.go.jp/syoushika/bunken/data/pdf/120010.pdf,1997-04-25,
1997,2012,1.52449,1.79017,1.31842,https://www.ipss.go.jp/syoushika/bunken/data/pdf/120010.pdf,1997-04-25,
1997,2013,1.53563,1.80071,1.32612,https://www.ipss.go.jp/syoushika/bunken/data/pdf/120010.pdf,1997-04-25,
1997,2014,1.54634,1.81015,1.33394,https://www.ipss.go.jp/syoushika/bunken/data/pdf/120010.pdf,1997-04-25,
1997,2015,1.55662,1.81862,1.34169,https://www.ipss.go.jp/syoushika/bunken/data/pdf/120010.pdf,1997-04-25,
1997,2016,1.56624,1.82606,1.34907,https://www.ipss.go.jp/syoushika/bunken/data/pdf/120010.pdf,1997-04-25,
1997,2017,1.57494,1.83243,1.35575,https://www.ipss.go.jp/syoushika/bunken/data/pdf/120010.pdf,1997-04-25,
1997,2018,1.58245,1.83765,1.36144,https://www.ipss.go.jp/syoushika/bunken/data/pdf/120010.pdf,1997-04-25,
1997,2019,1.58851,1.84170,1.36602,https://www.ipss.go.jp/syoushika/bunken/data/pdf/120010.pdf,1997-04-25,
1997,2020,1.59335,1.84480,1.36964,https://www.ipss.go.jp/syoushika/bunken/data/pdf/120010.pdf,1997-04-25,
1997,2021,1.59722,1.84717,1.37249,https://www.ipss.go.jp/syoushika/bunken/data/pdf/120010.pdf,1997-04-25,
1997,2022,1.60028,1.84897,1.37471,https://www.ipss.go.jp/syoushika/bunken/data/pdf/120010.pdf,1997-04-25,
1997,2023,1.60271,1.85032,1.37641,https://www.ipss.go.jp/syoushika/bunken/data/pdf/120010.pdf,1997-04-25,
1997,2024,1.60460,1.85133,1.37770,https://www.ipss.go.jp/syoushika/bunken/data/pdf/120010.pdf,1997-04-25,
1997,2025,1.60607,1.85208,1.37866,https://www.ipss.go.jp/syoushika/bunken/data/pdf/120010.pdf,1997-04-25,
1997,2026,1.60720,1.85263,1.37936,https://www.ipss.go.jp/syoushika/bunken/data/pdf/120010.pdf,1997-04-25,
1997,2027,1.60807,1.85303,1.37986,https://www.ipss.go.jp/syoushika/bunken/data/pdf/120010.pdf,1997-04-25,
1997,2028,1.60873,1.85331,1.38022,https://www.ipss.go.jp/syoushika/bunken/data/pdf/120010.pdf,1997-04-25,
1997,2029,1.60922,1.85352,1.38048,https://www.ipss.go.jp/syoushika/bunken/data/pdf/120010.pdf,1997-04-25,
1997,2030,1.60960,1.85367,1.38066,https://www.ipss.go.jp/syoushika/bunken/data/pdf/120010.pdf,1997-04-25,
1997,2031,1.60960,1.85367,1.38066,https://www.ipss.go.jp/syoushika/bunken/data/pdf/120010.pdf,1997-04-25,
1997,2032,1.60960,1.85367,1.38066,https://www.ipss.go.jp/syoushika/bunken/data/pdf/120010.pdf,1997-04-25,
1997,2033,1.60960,1.85367,1.38066,https://www.ipss.go.jp/syoushika/bunken/data/pdf/120010.pdf,1997-04-25,
1997,2034,1.60960,1.85367,1.38066,https://www.ipss.go.jp/syoushika/bunken/data/pdf/120010.pdf,1997-04-25,
1997,2035,1.60960,1.85367,1.38066,https://www.ipss.go.jp/syoushika/bunken/data/pdf/120010.pdf,1997-04-25,
1997,2036,1.60960,1.85367,1.38066,https://www.ipss.go.jp/syoushika/bunken/data/pdf/120010.pdf,1997-04-25,
1997,2037,1.60960,1.85367,1.38066,https://www.ipss.go.jp/syoushika/bunken/data/pdf/120010.pdf,1997-04-25,
1997,2038,1.60960,1.85367,1.38066,https://www.ipss.go.jp/syoushika/bunken/data/pdf/120010.pdf,1997-04-25,
1997,2039,1.60960,1.85367,1.38066,https://www.ipss.go.jp/syoushika/bunken/data/pdf/120010.pdf,1997-04-25,
1997,2040,1.60960,1.85367,1.38066,https://www.ipss.go.jp/syoushika/bunken/data/pdf/120010.pdf,1997-04-25,
1997,2041,1.60960,1.85367,1.38066,https://www.ipss.go.jp/syoushika/bunken/data/pdf/120010.pdf,1997-04-25,
1997,2042,1.60960,1.85367,1.38066,https://www.ipss.go.jp/syoushika/bunken/data/pdf/120010.pdf,1997-04-25,
1997,2043,1.60960,1.85367,1.38066,https://www.ipss.go.jp/syoushika/bunken/data/pdf/120010.pdf,1997-04-25,
1997,2044,1.60960,1.85367,1.38066,https://www.ipss.go.jp/syoushika/bunken/data/pdf/120010.pdf,1997-04-25,
1997,2045,1.60960,1.85367,1.38066,https://www.ipss.go.jp/syoushika/bunken/data/pdf/120010.pdf,1997-04-25,
1997,2046,1.60960,1.85367,1.38066,https://www.ipss.go.jp/syoushika/bunken/data/pdf/120010.pdf,1997-04-25,
1997,2047,1.60960,1.85367,1.38066,https://www.ipss.go.jp/syoushika/bunken/data/pdf/120010.pdf,1997-04-25,
1997,2048,1.60960,1.85367,1.38066,https://www.ipss.go.jp/syoushika/bunken/data/pdf/120010.pdf,1997-04-25,
1997,2049,1.60960,1.85367,1.38066,https://www.ipss.go.jp/syoushika/bunken/data/pdf/120010.pdf,1997-04-25,
1997,2050,1.60960,1.85367,1.38066,https://www.ipss.go.jp/syoushika/bunken/data/pdf/120010.pdf,1997-04-25,
2002,2000,1.36009,1.36009,1.36009,https://www.ipss.go.jp/syoushika/bunken/data/pdf/126596.pdf,2002-01,社人研原本はスキャンPDFのため、内容は国立環境研究所ミラー(https://www-iam.nies.go.jp/aim/publications/book/reference/japan/jinko_lab/popu_estimate/2002.pdf)の同一報告書で数値を確認
2002,2001,1.34277,1.36761,1.31671,https://www.ipss.go.jp/syoushika/bunken/data/pdf/126596.pdf,2002-01,社人研原本はスキャンPDFのため、内容は国立環境研究所ミラー(https://www-iam.nies.go.jp/aim/publications/book/reference/japan/jinko_lab/popu_estimate/2002.pdf)の同一報告書で数値を確認
2002,2002,1.33240,1.36752,1.29344,https://www.ipss.go.jp/syoushika/bunken/data/pdf/126596.pdf,2002-01,社人研原本はスキャンPDFのため、内容は国立環境研究所ミラー(https://www-iam.nies.go.jp/aim/publications/book/reference/japan/jinko_lab/popu_estimate/2002.pdf)の同一報告書で数値を確認
2002,2003,1.32344,1.37084,1.26896,https://www.ipss.go.jp/syoushika/bunken/data/pdf/126596.pdf,2002-01,社人研原本はスキャンPDFのため、内容は国立環境研究所ミラー(https://www-iam.nies.go.jp/aim/publications/book/reference/japan/jinko_lab/popu_estimate/2002.pdf)の同一報告書で数値を確認
2002,2004,1.31686,1.37857,1.24511,https://www.ipss.go.jp/syoushika/bunken/data/pdf/126596.pdf,2002-01,社人研原本はスキャンPDFのため、内容は国立環境研究所ミラー(https://www-iam.nies.go.jp/aim/publications/book/reference/japan/jinko_lab/popu_estimate/2002.pdf)の同一報告書で数値を確認
2002,2005,1.31076,1.38831,1.22074,https://www.ipss.go.jp/syoushika/bunken/data/pdf/126596.pdf,2002-01,社人研原本はスキャンPDFのため、内容は国立環境研究所ミラー(https://www-iam.nies.go.jp/aim/publications/book/reference/japan/jinko_lab/popu_estimate/2002.pdf)の同一報告書で数値を確認
2002,2006,1.30696,1.40118,1.19843,https://www.ipss.go.jp/syoushika/bunken/data/pdf/126596.pdf,2002-01,社人研原本はスキャンPDFのため、内容は国立環境研究所ミラー(https://www-iam.nies.go.jp/aim/publications/book/reference/japan/jinko_lab/popu_estimate/2002.pdf)の同一報告書で数値を確認
2002,2007,1.30622,1.41744,1.17963,https://www.ipss.go.jp/syoushika/bunken/data/pdf/126596.pdf,2002-01,社人研原本はスキャンPDFのため、内容は国立環境研究所ミラー(https://www-iam.nies.go.jp/aim/publications/book/reference/japan/jinko_lab/popu_estimate/2002.pdf)の同一報告書で数値を確認
2002,2008,1.30816,1.43632,1.16432,https://www.ipss.go.jp/syoushika/bunken/data/pdf/126596.pdf,2002-01,社人研原本はスキャンPDFのため、内容は国立環境研究所ミラー(https://www-iam.nies.go.jp/aim/publications/book/reference/japan/jinko_lab/popu_estimate/2002.pdf)の同一報告書で数値を確認
2002,2009,1.31166,1.45585,1.15156,https://www.ipss.go.jp/syoushika/bunken/data/pdf/126596.pdf,2002-01,社人研原本はスキャンPDFのため、内容は国立環境研究所ミラー(https://www-iam.nies.go.jp/aim/publications/book/reference/japan/jinko_lab/popu_estimate/2002.pdf)の同一報告書で数値を確認
2002,2010,1.31786,1.47677,1.14260,https://www.ipss.go.jp/syoushika/bunken/data/pdf/126596.pdf,2002-01,社人研原本はスキャンPDFのため、内容は国立環境研究所ミラー(https://www-iam.nies.go.jp/aim/publications/book/reference/japan/jinko_lab/popu_estimate/2002.pdf)の同一報告書で数値を確認
2002,2011,1.32471,1.49694,1.13555,https://www.ipss.go.jp/syoushika/bunken/data/pdf/126596.pdf,2002-01,社人研原本はスキャンPDFのため、内容は国立環境研究所ミラー(https://www-iam.nies.go.jp/aim/publications/book/reference/japan/jinko_lab/popu_estimate/2002.pdf)の同一報告書で数値を確認
2002,2012,1.33225,1.51606,1.13025,https://www.ipss.go.jp/syoushika/bunken/data/pdf/126596.pdf,2002-01,社人研原本はスキャンPDFのため、内容は国立環境研究所ミラー(https://www-iam.nies.go.jp/aim/publications/book/reference/japan/jinko_lab/popu_estimate/2002.pdf)の同一報告書で数値を確認
2002,2013,1.33929,1.53359,1.12556,https://www.ipss.go.jp/syoushika/bunken/data/pdf/126596.pdf,2002-01,社人研原本はスキャンPDFのため、内容は国立環境研究所ミラー(https://www-iam.nies.go.jp/aim/publications/book/reference/japan/jinko_lab/popu_estimate/2002.pdf)の同一報告書で数値を確認
2002,2014,1.34688,1.55023,1.12258,https://www.ipss.go.jp/syoushika/bunken/data/pdf/126596.pdf,2002-01,社人研原本はスキャンPDFのため、内容は国立環境研究所ミラー(https://www-iam.nies.go.jp/aim/publications/book/reference/japan/jinko_lab/popu_estimate/2002.pdf)の同一報告書で数値を確認
2002,2015,1.35370,1.56484,1.12022,https://www.ipss.go.jp/syoushika/bunken/data/pdf/126596.pdf,2002-01,社人研原本はスキャンPDFのため、内容は国立環境研究所ミラー(https://www-iam.nies.go.jp/aim/publications/book/reference/japan/jinko_lab/popu_estimate/2002.pdf)の同一報告書で数値を確認
2002,2016,1.36028,1.57793,1.11880,https://www.ipss.go.jp/syoushika/bunken/data/pdf/126596.pdf,2002-01,社人研原本はスキャンPDFのため、内容は国立環境研究所ミラー(https://www-iam.nies.go.jp/aim/publications/book/reference/japan/jinko_lab/popu_estimate/2002.pdf)の同一報告書で数値を確認
2002,2017,1.36509,1.58814,1.11677,https://www.ipss.go.jp/syoushika/bunken/data/pdf/126596.pdf,2002-01,社人研原本はスキャンPDFのため、内容は国立環境研究所ミラー(https://www-iam.nies.go.jp/aim/publications/book/reference/japan/jinko_lab/popu_estimate/2002.pdf)の同一報告書で数値を確認
2002,2018,1.36881,1.59634,1.11469,https://www.ipss.go.jp/syoushika/bunken/data/pdf/126596.pdf,2002-01,社人研原本はスキャンPDFのため、内容は国立環境研究所ミラー(https://www-iam.nies.go.jp/aim/publications/book/reference/japan/jinko_lab/popu_estimate/2002.pdf)の同一報告書で数値を確認
2002,2019,1.37303,1.60418,1.11407,https://www.ipss.go.jp/syoushika/bunken/data/pdf/126596.pdf,2002-01,社人研原本はスキャンPDFのため、内容は国立環境研究所ミラー(https://www-iam.nies.go.jp/aim/publications/book/reference/japan/jinko_lab/popu_estimate/2002.pdf)の同一報告書で数値を確認
2002,2020,1.37522,1.60924,1.11222,https://www.ipss.go.jp/syoushika/bunken/data/pdf/126596.pdf,2002-01,社人研原本はスキャンPDFのため、内容は国立環境研究所ミラー(https://www-iam.nies.go.jp/aim/publications/book/reference/japan/jinko_lab/popu_estimate/2002.pdf)の同一報告書で数値を確認
2002,2021,1.37673,1.61295,1.11039,https://www.ipss.go.jp/syoushika/bunken/data/pdf/126596.pdf,2002-01,社人研原本はスキャンPDFのため、内容は国立環境研究所ミラー(https://www-iam.nies.go.jp/aim/publications/book/reference/japan/jinko_lab/popu_estimate/2002.pdf)の同一報告書で数値を確認
2002,2022,1.37890,1.61674,1.10983,https://www.ipss.go.jp/syoushika/bunken/data/pdf/126596.pdf,2002-01,社人研原本はスキャンPDFのため、内容は国立環境研究所ミラー(https://www-iam.nies.go.jp/aim/publications/book/reference/japan/jinko_lab/popu_estimate/2002.pdf)の同一報告書で数値を確認
2002,2023,1.37992,1.61885,1.10857,https://www.ipss.go.jp/syoushika/bunken/data/pdf/126596.pdf,2002-01,社人研原本はスキャンPDFのため、内容は国立環境研究所ミラー(https://www-iam.nies.go.jp/aim/publications/book/reference/japan/jinko_lab/popu_estimate/2002.pdf)の同一報告書で数値を確認
2002,2024,1.38091,1.62060,1.10769,https://www.ipss.go.jp/syoushika/bunken/data/pdf/126596.pdf,2002-01,社人研原本はスキャンPDFのため、内容は国立環境研究所ミラー(https://www-iam.nies.go.jp/aim/publications/book/reference/japan/jinko_lab/popu_estimate/2002.pdf)の同一報告書で数値を確認
2002,2025,1.38191,1.62208,1.10713,https://www.ipss.go.jp/syoushika/bunken/data/pdf/126596.pdf,2002-01,社人研原本はスキャンPDFのため、内容は国立環境研究所ミラー(https://www-iam.nies.go.jp/aim/publications/book/reference/japan/jinko_lab/popu_estimate/2002.pdf)の同一報告書で数値を確認
2002,2026,1.38214,1.62256,1.10603,https://www.ipss.go.jp/syoushika/bunken/data/pdf/126596.pdf,2002-01,社人研原本はスキャンPDFのため、内容は国立環境研究所ミラー(https://www-iam.nies.go.jp/aim/publications/book/reference/japan/jinko_lab/popu_estimate/2002.pdf)の同一報告書で数値を確認
2002,2027,1.38253,1.62303,1.10527,https://www.ipss.go.jp/syoushika/bunken/data/pdf/126596.pdf,2002-01,社人研原本はスキャンPDFのため、内容は国立環境研究所ミラー(https://www-iam.nies.go.jp/aim/publications/book/reference/japan/jinko_lab/popu_estimate/2002.pdf)の同一報告書で数値を確認
2002,2028,1.38304,1.62348,1.10475,https://www.ipss.go.jp/syoushika/bunken/data/pdf/126596.pdf,2002-01,社人研原本はスキャンPDFのため、内容は国立環境研究所ミラー(https://www-iam.nies.go.jp/aim/publications/book/reference/japan/jinko_lab/popu_estimate/2002.pdf)の同一報告書で数値を確認
2002,2029,1.38361,1.62391,1.10441,https://www.ipss.go.jp/syoushika/bunken/data/pdf/126596.pdf,2002-01,社人研原本はスキャンPDFのため、内容は国立環境研究所ミラー(https://www-iam.nies.go.jp/aim/publications/book/reference/japan/jinko_lab/popu_estimate/2002.pdf)の同一報告書で数値を確認
2002,2030,1.38420,1.62429,1.10419,https://www.ipss.go.jp/syoushika/bunken/data/pdf/126596.pdf,2002-01,社人研原本はスキャンPDFのため、内容は国立環境研究所ミラー(https://www-iam.nies.go.jp/aim/publications/book/reference/japan/jinko_lab/popu_estimate/2002.pdf)の同一報告書で数値を確認
2002,2031,1.38477,1.62460,1.10404,https://www.ipss.go.jp/syoushika/bunken/data/pdf/126596.pdf,2002-01,社人研原本はスキャンPDFのため、内容は国立環境研究所ミラー(https://www-iam.nies.go.jp/aim/publications/book/reference/japan/jinko_lab/popu_estimate/2002.pdf)の同一報告書で数値を確認
2002,2032,1.38528,1.62485,1.10392,https://www.ipss.go.jp/syoushika/bunken/data/pdf/126596.pdf,2002-01,社人研原本はスキャンPDFのため、内容は国立環境研究所ミラー(https://www-iam.nies.go.jp/aim/publications/book/reference/japan/jinko_lab/popu_estimate/2002.pdf)の同一報告書で数値を確認
2002,2033,1.38565,1.62496,1.10375,https://www.ipss.go.jp/syoushika/bunken/data/pdf/126596.pdf,2002-01,社人研原本はスキャンPDFのため、内容は国立環境研究所ミラー(https://www-iam.nies.go.jp/aim/publications/book/reference/japan/jinko_lab/popu_estimate/2002.pdf)の同一報告書で数値を確認
2002,2034,1.38599,1.62505,1.10363,https://www.ipss.go.jp/syoushika/bunken/data/pdf/126596.pdf,2002-01,社人研原本はスキャンPDFのため、内容は国立環境研究所ミラー(https://www-iam.nies.go.jp/aim/publications/book/reference/japan/jinko_lab/popu_estimate/2002.pdf)の同一報告書で数値を確認
2002,2035,1.38629,1.62514,1.10356,https://www.ipss.go.jp/syoushika/bunken/data/pdf/126596.pdf,2002-01,社人研原本はスキャンPDFのため、内容は国立環境研究所ミラー(https://www-iam.nies.go.jp/aim/publications/book/reference/japan/jinko_lab/popu_estimate/2002.pdf)の同一報告書で数値を確認
2002,2036,1.38654,1.62521,1.10351,https://www.ipss.go.jp/syoushika/bunken/data/pdf/126596.pdf,2002-01,社人研原本はスキャンPDFのため、内容は国立環境研究所ミラー(https://www-iam.nies.go.jp/aim/publications/book/reference/japan/jinko_lab/popu_estimate/2002.pdf)の同一報告書で数値を確認
2002,2037,1.38673,1.62526,1.10347,https://www.ipss.go.jp/syoushika/bunken/data/pdf/126596.pdf,2002-01,社人研原本はスキャンPDFのため、内容は国立環境研究所ミラー(https://www-iam.nies.go.jp/aim/publications/book/reference/japan/jinko_lab/popu_estimate/2002.pdf)の同一報告書で数値を確認
2002,2038,1.38688,1.62530,1.10344,https://www.ipss.go.jp/syoushika/bunken/data/pdf/126596.pdf,2002-01,社人研原本はスキャンPDFのため、内容は国立環境研究所ミラー(https://www-iam.nies.go.jp/aim/publications/book/reference/japan/jinko_lab/popu_estimate/2002.pdf)の同一報告書で数値を確認
2002,2039,1.38699,1.62533,1.10342,https://www.ipss.go.jp/syoushika/bunken/data/pdf/126596.pdf,2002-01,社人研原本はスキャンPDFのため、内容は国立環境研究所ミラー(https://www-iam.nies.go.jp/aim/publications/book/reference/japan/jinko_lab/popu_estimate/2002.pdf)の同一報告書で数値を確認
2002,2040,1.38708,1.62535,1.10340,https://www.ipss.go.jp/syoushika/bunken/data/pdf/126596.pdf,2002-01,社人研原本はスキャンPDFのため、内容は国立環境研究所ミラー(https://www-iam.nies.go.jp/aim/publications/book/reference/japan/jinko_lab/popu_estimate/2002.pdf)の同一報告書で数値を確認
2002,2041,1.38714,1.62536,1.10339,https://www.ipss.go.jp/syoushika/bunken/data/pdf/126596.pdf,2002-01,社人研原本はスキャンPDFのため、内容は国立環境研究所ミラー(https://www-iam.nies.go.jp/aim/publications/book/reference/japan/jinko_lab/popu_estimate/2002.pdf)の同一報告書で数値を確認
2002,2042,1.38718,1.62537,1.10339,https://www.ipss.go.jp/syoushika/bunken/data/pdf/126596.pdf,2002-01,社人研原本はスキャンPDFのため、内容は国立環境研究所ミラー(https://www-iam.nies.go.jp/aim/publications/book/reference/japan/jinko_lab/popu_estimate/2002.pdf)の同一報告書で数値を確認
2002,2043,1.38721,1.62538,1.10338,https://www.ipss.go.jp/syoushika/bunken/data/pdf/126596.pdf,2002-01,社人研原本はスキャンPDFのため、内容は国立環境研究所ミラー(https://www-iam.nies.go.jp/aim/publications/book/reference/japan/jinko_lab/popu_estimate/2002.pdf)の同一報告書で数値を確認
2002,2044,1.38723,1.62538,1.10338,https://www.ipss.go.jp/syoushika/bunken/data/pdf/126596.pdf,2002-01,社人研原本はスキャンPDFのため、内容は国立環境研究所ミラー(https://www-iam.nies.go.jp/aim/publications/book/reference/japan/jinko_lab/popu_estimate/2002.pdf)の同一報告書で数値を確認
2002,2045,1.38725,1.62538,1.10338,https://www.ipss.go.jp/syoushika/bunken/data/pdf/126596.pdf,2002-01,社人研原本はスキャンPDFのため、内容は国立環境研究所ミラー(https://www-iam.nies.go.jp/aim/publications/book/reference/japan/jinko_lab/popu_estimate/2002.pdf)の同一報告書で数値を確認
2002,2046,1.38725,1.62538,1.10338,https://www.ipss.go.jp/syoushika/bunken/data/pdf/126596.pdf,2002-01,社人研原本はスキャンPDFのため、内容は国立環境研究所ミラー(https://www-iam.nies.go.jp/aim/publications/book/reference/japan/jinko_lab/popu_estimate/2002.pdf)の同一報告書で数値を確認
2002,2047,1.38726,1.62538,1.10338,https://www.ipss.go.jp/syoushika/bunken/data/pdf/126596.pdf,2002-01,社人研原本はスキャンPDFのため、内容は国立環境研究所ミラー(https://www-iam.nies.go.jp/aim/publications/book/reference/japan/jinko_lab/popu_estimate/2002.pdf)の同一報告書で数値を確認
2002,2048,1.38726,1.62538,1.10338,https://www.ipss.go.jp/syoushika/bunken/data/pdf/126596.pdf,2002-01,社人研原本はスキャンPDFのため、内容は国立環境研究所ミラー(https://www-iam.nies.go.jp/aim/publications/book/reference/japan/jinko_lab/popu_estimate/2002.pdf)の同一報告書で数値を確認
2002,2049,1.38726,1.62538,1.10338,https://www.ipss.go.jp/syoushika/bunken/data/pdf/126596.pdf,2002-01,社人研原本はスキャンPDFのため、内容は国立環境研究所ミラー(https://www-iam.nies.go.jp/aim/publications/book/reference/japan/jinko_lab/popu_estimate/2002.pdf)の同一報告書で数値を確認
2002,2050,1.38726,1.62538,1.10338,https://www.ipss.go.jp/syoushika/bunken/data/pdf/126596.pdf,2002-01,社人研原本はスキャンPDFのため、内容は国立環境研究所ミラー(https://www-iam.nies.go.jp/aim/publications/book/reference/japan/jinko_lab/popu_estimate/2002.pdf)の同一報告書で数値を確認
2006,2005,1.2601,1.2601,1.2601,https://www.ipss.go.jp/syoushika/bunken/data/pdf/132498.pdf,2006-12,
2006,2006,1.2942,1.3243,1.2662,https://www.ipss.go.jp/syoushika/bunken/data/pdf/132498.pdf,2006-12,
2006,2007,1.2467,1.3170,1.1626,https://www.ipss.go.jp/syoushika/bunken/data/pdf/132498.pdf,2006-12,
2006,2008,1.2297,1.3179,1.1185,https://www.ipss.go.jp/syoushika/bunken/data/pdf/132498.pdf,2006-12,
2006,2009,1.2232,1.3214,1.0980,https://www.ipss.go.jp/syoushika/bunken/data/pdf/132498.pdf,2006-12,
2006,2010,1.2184,1.3282,1.0806,https://www.ipss.go.jp/syoushika/bunken/data/pdf/132498.pdf,2006-12,
2006,2011,1.2152,1.3383,1.0666,https://www.ipss.go.jp/syoushika/bunken/data/pdf/132498.pdf,2006-12,
2006,2012,1.2135,1.3516,1.0560,https://www.ipss.go.jp/syoushika/bunken/data/pdf/132498.pdf,2006-12,
2006,2013,1.2134,1.3677,1.0486,https://www.ipss.go.jp/syoushika/bunken/data/pdf/132498.pdf,2006-12,
2006,2014,1.2148,1.3853,1.0441,https://www.ipss.go.jp/syoushika/bunken/data/pdf/132498.pdf,2006-12,
2006,2015,1.2171,1.4033,1.0418,https://www.ipss.go.jp/syoushika/bunken/data/pdf/132498.pdf,2006-12,
2006,2016,1.2199,1.4210,1.0410,https://www.ipss.go.jp/syoushika/bunken/data/pdf/132498.pdf,2006-12,
2006,2017,1.2227,1.4376,1.0411,https://www.ipss.go.jp/syoushika/bunken/data/pdf/132498.pdf,2006-12,
2006,2018,1.2252,1.4528,1.0415,https://www.ipss.go.jp/syoushika/bunken/data/pdf/132498.pdf,2006-12,
2006,2019,1.2273,1.4664,1.0421,https://www.ipss.go.jp/syoushika/bunken/data/pdf/132498.pdf,2006-12,
2006,2020,1.2289,1.4783,1.0425,https://www.ipss.go.jp/syoushika/bunken/data/pdf/132498.pdf,2006-12,
2006,2021,1.2302,1.4885,1.0426,https://www.ipss.go.jp/syoushika/bunken/data/pdf/132498.pdf,2006-12,
2006,2022,1.2311,1.4971,1.0423,https://www.ipss.go.jp/syoushika/bunken/data/pdf/132498.pdf,2006-12,
2006,2023,1.2320,1.5042,1.0417,https://www.ipss.go.jp/syoushika/bunken/data/pdf/132498.pdf,2006-12,
2006,2024,1.2328,1.5100,1.0409,https://www.ipss.go.jp/syoushika/bunken/data/pdf/132498.pdf,2006-12,
2006,2025,1.2335,1.5145,1.0400,https://www.ipss.go.jp/syoushika/bunken/data/pdf/132498.pdf,2006-12,
2006,2026,1.2343,1.5181,1.0393,https://www.ipss.go.jp/syoushika/bunken/data/pdf/132498.pdf,2006-12,
2006,2027,1.2351,1.5209,1.0386,https://www.ipss.go.jp/syoushika/bunken/data/pdf/132498.pdf,2006-12,
2006,2028,1.2360,1.5231,1.0383,https://www.ipss.go.jp/syoushika/bunken/data/pdf/132498.pdf,2006-12,
2006,2029,1.2371,1.5249,1.0382,https://www.ipss.go.jp/syoushika/bunken/data/pdf/132498.pdf,2006-12,
2006,2030,1.2382,1.5264,1.0384,https://www.ipss.go.jp/syoushika/bunken/data/pdf/132498.pdf,2006-12,
2006,2031,1.2394,1.5277,1.0389,https://www.ipss.go.jp/syoushika/bunken/data/pdf/132498.pdf,2006-12,
2006,2032,1.2408,1.5289,1.0397,https://www.ipss.go.jp/syoushika/bunken/data/pdf/132498.pdf,2006-12,
2006,2033,1.2422,1.5301,1.0407,https://www.ipss.go.jp/syoushika/bunken/data/pdf/132498.pdf,2006-12,
2006,2034,1.2436,1.5311,1.0419,https://www.ipss.go.jp/syoushika/bunken/data/pdf/132498.pdf,2006-12,
2006,2035,1.2450,1.5322,1.0433,https://www.ipss.go.jp/syoushika/bunken/data/pdf/132498.pdf,2006-12,
2006,2036,1.2465,1.5332,1.0448,https://www.ipss.go.jp/syoushika/bunken/data/pdf/132498.pdf,2006-12,
2006,2037,1.2479,1.5342,1.0463,https://www.ipss.go.jp/syoushika/bunken/data/pdf/132498.pdf,2006-12,
2006,2038,1.2492,1.5351,1.0478,https://www.ipss.go.jp/syoushika/bunken/data/pdf/132498.pdf,2006-12,
2006,2039,1.2505,1.5360,1.0491,https://www.ipss.go.jp/syoushika/bunken/data/pdf/132498.pdf,2006-12,
2006,2040,1.2517,1.5368,1.0504,https://www.ipss.go.jp/syoushika/bunken/data/pdf/132498.pdf,2006-12,
2006,2041,1.2528,1.5376,1.0516,https://www.ipss.go.jp/syoushika/bunken/data/pdf/132498.pdf,2006-12,
2006,2042,1.2538,1.5383,1.0527,https://www.ipss.go.jp/syoushika/bunken/data/pdf/132498.pdf,2006-12,
2006,2043,1.2548,1.5389,1.0538,https://www.ipss.go.jp/syoushika/bunken/data/pdf/132498.pdf,2006-12,
2006,2044,1.2557,1.5395,1.0547,https://www.ipss.go.jp/syoushika/bunken/data/pdf/132498.pdf,2006-12,
2006,2045,1.2566,1.5401,1.0556,https://www.ipss.go.jp/syoushika/bunken/data/pdf/132498.pdf,2006-12,
2006,2046,1.2574,1.5407,1.0564,https://www.ipss.go.jp/syoushika/bunken/data/pdf/132498.pdf,2006-12,
2006,2047,1.2582,1.5412,1.0571,https://www.ipss.go.jp/syoushika/bunken/data/pdf/132498.pdf,2006-12,
2006,2048,1.2589,1.5418,1.0578,https://www.ipss.go.jp/syoushika/bunken/data/pdf/132498.pdf,2006-12,
2006,2049,1.2597,1.5424,1.0584,https://www.ipss.go.jp/syoushika/bunken/data/pdf/132498.pdf,2006-12,
2006,2050,1.2604,1.5429,1.0591,https://www.ipss.go.jp/syoushika/bunken/data/pdf/132498.pdf,2006-12,
2006,2051,1.2611,1.5435,1.0598,https://www.ipss.go.jp/syoushika/bunken/data/pdf/132498.pdf,2006-12,
2006,2052,1.2618,1.5441,1.0605,https://www.ipss.go.jp/syoushika/bunken/data/pdf/132498.pdf,2006-12,
2006,2053,1.2625,1.5447,1.0613,https://www.ipss.go.jp/syoushika/bunken/data/pdf/132498.pdf,2006-12,
2006,2054,1.2632,1.5454,1.0622,https://www.ipss.go.jp/syoushika/bunken/data/pdf/132498.pdf,2006-12,
2006,2055,1.2640,1.5461,1.0630,https://www.ipss.go.jp/syoushika/bunken/data/pdf/132498.pdf,2006-12,
2012,2010,1.3873,1.3873,1.3873,https://www.ipss.go.jp/syoushika/tohkei/newest04/gh2401.pdf,2012-01,
2012,2011,1.3879,1.4441,1.3138,https://www.ipss.go.jp/syoushika/tohkei/newest04/gh2401.pdf,2012-01,
2012,2012,1.3705,1.4467,1.2746,https://www.ipss.go.jp/syoushika/tohkei/newest04/gh2401.pdf,2012-01,
2012,2013,1.3897,1.4930,1.2663,https://www.ipss.go.jp/syoushika/tohkei/newest04/gh2401.pdf,2012-01,
2012,2014,1.3864,1.5198,1.2361,https://www.ipss.go.jp/syoushika/tohkei/newest04/gh2401.pdf,2012-01,
2012,2015,1.3798,1.5454,1.2043,https://www.ipss.go.jp/syoushika/tohkei/newest04/gh2401.pdf,2012-01,
2012,2016,1.3715,1.5682,1.1743,https://www.ipss.go.jp/syoushika/tohkei/newest04/gh2401.pdf,2012-01,
2012,2017,1.3626,1.5868,1.1486,https://www.ipss.go.jp/syoushika/tohkei/newest04/gh2401.pdf,2012-01,
2012,2018,1.3539,1.6000,1.1279,https://www.ipss.go.jp/syoushika/tohkei/newest04/gh2401.pdf,2012-01,
2012,2019,1.3461,1.6078,1.1124,https://www.ipss.go.jp/syoushika/tohkei/newest04/gh2401.pdf,2012-01,
2012,2020,1.3397,1.6111,1.1017,https://www.ipss.go.jp/syoushika/tohkei/newest04/gh2401.pdf,2012-01,
2012,2021,1.3348,1.6110,1.0949,https://www.ipss.go.jp/syoushika/tohkei/newest04/gh2401.pdf,2012-01,
2012,2022,1.3315,1.6090,1.0911,https://www.ipss.go.jp/syoushika/tohkei/newest04/gh2401.pdf,2012-01,
2012,2023,1.3298,1.6064,1.0899,https://www.ipss.go.jp/syoushika/tohkei/newest04/gh2401.pdf,2012-01,
2012,2024,1.3294,1.6038,1.0906,https://www.ipss.go.jp/syoushika/tohkei/newest04/gh2401.pdf,2012-01,
2012,2025,1.3302,1.6016,1.0925,https://www.ipss.go.jp/syoushika/tohkei/newest04/gh2401.pdf,2012-01,
2012,2026,1.3316,1.5998,1.0952,https://www.ipss.go.jp/syoushika/tohkei/newest04/gh2401.pdf,2012-01,
2012,2027,1.3333,1.5981,1.0981,https://www.ipss.go.jp/syoushika/tohkei/newest04/gh2401.pdf,2012-01,
2012,2028,1.3348,1.5966,1.1008,https://www.ipss.go.jp/syoushika/tohkei/newest04/gh2401.pdf,2012-01,
2012,2029,1.3361,1.5952,1.1032,https://www.ipss.go.jp/syoushika/tohkei/newest04/gh2401.pdf,2012-01,
2012,2030,1.3373,1.5939,1.1053,https://www.ipss.go.jp/syoushika/tohkei/newest04/gh2401.pdf,2012-01,
2012,2031,1.3383,1.5927,1.1072,https://www.ipss.go.jp/syoushika/tohkei/newest04/gh2401.pdf,2012-01,
2012,2032,1.3392,1.5919,1.1089,https://www.ipss.go.jp/syoushika/tohkei/newest04/gh2401.pdf,2012-01,
2012,2033,1.3401,1.5913,1.1104,https://www.ipss.go.jp/syoushika/tohkei/newest04/gh2401.pdf,2012-01,
2012,2034,1.3410,1.5909,1.1118,https://www.ipss.go.jp/syoushika/tohkei/newest04/gh2401.pdf,2012-01,
2012,2035,1.3418,1.5905,1.1131,https://www.ipss.go.jp/syoushika/tohkei/newest04/gh2401.pdf,2012-01,
2012,2036,1.3425,1.5903,1.1144,https://www.ipss.go.jp/syoushika/tohkei/newest04/gh2401.pdf,2012-01,
2012,2037,1.3433,1.5903,1.1156,https://www.ipss.go.jp/syoushika/tohkei/newest04/gh2401.pdf,2012-01,
2012,2038,1.3441,1.5903,1.1168,https://www.ipss.go.jp/syoushika/tohkei/newest04/gh2401.pdf,2012-01,
2012,2039,1.3449,1.5904,1.1180,https://www.ipss.go.jp/syoushika/tohkei/newest04/gh2401.pdf,2012-01,
2012,2040,1.3457,1.5906,1.1192,https://www.ipss.go.jp/syoushika/tohkei/newest04/gh2401.pdf,2012-01,
2012,2041,1.3465,1.5908,1.1203,https://www.ipss.go.jp/syoushika/tohkei/newest04/gh2401.pdf,2012-01,
2012,2042,1.3472,1.5912,1.1213,https://www.ipss.go.jp/syoushika/tohkei/newest04/gh2401.pdf,2012-01,
2012,2043,1.3479,1.5916,1.1222,https://www.ipss.go.jp/syoushika/tohkei/newest04/gh2401.pdf,2012-01,
2012,2044,1.3486,1.5921,1.1230,https://www.ipss.go.jp/syoushika/tohkei/newest04/gh2401.pdf,2012-01,
2012,2045,1.3492,1.5926,1.1236,https://www.ipss.go.jp/syoushika/tohkei/newest04/gh2401.pdf,2012-01,
2012,2046,1.3497,1.5932,1.1241,https://www.ipss.go.jp/syoushika/tohkei/newest04/gh2401.pdf,2012-01,
2012,2047,1.3502,1.5938,1.1244,https://www.ipss.go.jp/syoushika/tohkei/newest04/gh2401.pdf,2012-01,
2012,2048,1.3505,1.5944,1.1246,https://www.ipss.go.jp/syoushika/tohkei/newest04/gh2401.pdf,2012-01,
2012,2049,1.3508,1.5950,1.1246,https://www.ipss.go.jp/syoushika/tohkei/newest04/gh2401.pdf,2012-01,
2012,2050,1.3509,1.5955,1.1245,https://www.ipss.go.jp/syoushika/tohkei/newest04/gh2401.pdf,2012-01,
2012,2051,1.3510,1.5960,1.1242,https://www.ipss.go.jp/syoushika/tohkei/newest04/gh2401.pdf,2012-01,
2012,2052,1.3510,1.5965,1.1239,https://www.ipss.go.jp/syoushika/tohkei/newest04/gh2401.pdf,2012-01,
2012,2053,1.3510,1.5969,1.1235,https://www.ipss.go.jp/syoushika/tohkei/newest04/gh2401.pdf,2012-01,
2012,2054,1.3509,1.5973,1.1231,https://www.ipss.go.jp/syoushika/tohkei/newest04/gh2401.pdf,2012-01,
2012,2055,1.3508,1.5975,1.1227,https://www.ipss.go.jp/syoushika/tohkei/newest04/gh2401.pdf,2012-01,
2012,2056,1.3507,1.5978,1.1224,https://www.ipss.go.jp/syoushika/tohkei/newest04/gh2401.pdf,2012-01,
2012,2057,1.3507,1.5980,1.1222,https://www.ipss.go.jp/syoushika/tohkei/newest04/gh2401.pdf,2012-01,
2012,2058,1.3506,1.5982,1.1220,https://www.ipss.go.jp/syoushika/tohkei/newest04/gh2401.pdf,2012-01,
2012,2059,1.3507,1.5983,1.1219,https://www.ipss.go.jp/syoushika/tohkei/newest04/gh2401.pdf,2012-01,
2012,2060,1.3507,1.5984,1.1219,https://www.ipss.go.jp/syoushika/tohkei/newest04/gh2401.pdf,2012-01,
2017,2015,1.4504,1.4504,1.4504,https://www.ipss.go.jp/pp-zenkoku/j/zenkoku2017/pp29_gaiyou.pdf,2017-04,
2017,2016,1.4441,1.4946,1.3953,https://www.ipss.go.jp/pp-zenkoku/j/zenkoku2017/pp29_gaiyou.pdf,2017-04,
2017,2017,1.4405,1.5161,1.3685,https://www.ipss.go.jp/pp-zenkoku/j/zenkoku2017/pp29_gaiyou.pdf,2017-04,
2017,2018,1.4353,1.5431,1.3349,https://www.ipss.go.jp/pp-zenkoku/j/zenkoku2017/pp29_gaiyou.pdf,2017-04,
2017,2019,1.4287,1.5727,1.2971,https://www.ipss.go.jp/pp-zenkoku/j/zenkoku2017/pp29_gaiyou.pdf,2017-04,
2017,2020,1.4263,1.6060,1.2652,https://www.ipss.go.jp/pp-zenkoku/j/zenkoku2017/pp29_gaiyou.pdf,2017-04,
2017,2021,1.4234,1.6324,1.2386,https://www.ipss.go.jp/pp-zenkoku/j/zenkoku2017/pp29_gaiyou.pdf,2017-04,
2017,2022,1.4207,1.6497,1.2198,https://www.ipss.go.jp/pp-zenkoku/j/zenkoku2017/pp29_gaiyou.pdf,2017-04,
2017,2023,1.4190,1.6588,1.2088,https://www.ipss.go.jp/pp-zenkoku/j/zenkoku2017/pp29_gaiyou.pdf,2017-04,
2017,2024,1.4185,1.6620,1.2042,https://www.ipss.go.jp/pp-zenkoku/j/zenkoku2017/pp29_gaiyou.pdf,2017-04,
2017,2025,1.4193,1.6619,1.2043,https://www.ipss.go.jp/pp-zenkoku/j/zenkoku2017/pp29_gaiyou.pdf,2017-04,
2017,2026,1.4209,1.6600,1.2072,https://www.ipss.go.jp/pp-zenkoku/j/zenkoku2017/pp29_gaiyou.pdf,2017-04,
2017,2027,1.4229,1.6572,1.2115,https://www.ipss.go.jp/pp-zenkoku/j/zenkoku2017/pp29_gaiyou.pdf,2017-04,
2017,2028,1.4249,1.6541,1.2162,https://www.ipss.go.jp/pp-zenkoku/j/zenkoku2017/pp29_gaiyou.pdf,2017-04,
2017,2029,1.4266,1.6510,1.2207,https://www.ipss.go.jp/pp-zenkoku/j/zenkoku2017/pp29_gaiyou.pdf,2017-04,
2017,2030,1.4280,1.6479,1.2246,https://www.ipss.go.jp/pp-zenkoku/j/zenkoku2017/pp29_gaiyou.pdf,2017-04,
2017,2031,1.4290,1.6450,1.2281,https://www.ipss.go.jp/pp-zenkoku/j/zenkoku2017/pp29_gaiyou.pdf,2017-04,
2017,2032,1.4299,1.6424,1.2312,https://www.ipss.go.jp/pp-zenkoku/j/zenkoku2017/pp29_gaiyou.pdf,2017-04,
2017,2033,1.4307,1.6404,1.2336,https://www.ipss.go.jp/pp-zenkoku/j/zenkoku2017/pp29_gaiyou.pdf,2017-04,
2017,2034,1.4314,1.6388,1.2357,https://www.ipss.go.jp/pp-zenkoku/j/zenkoku2017/pp29_gaiyou.pdf,2017-04,
2017,2035,1.4319,1.6377,1.2373,https://www.ipss.go.jp/pp-zenkoku/j/zenkoku2017/pp29_gaiyou.pdf,2017-04,
2017,2036,1.4325,1.6369,1.2387,https://www.ipss.go.jp/pp-zenkoku/j/zenkoku2017/pp29_gaiyou.pdf,2017-04,
2017,2037,1.4330,1.6364,1.2400,https://www.ipss.go.jp/pp-zenkoku/j/zenkoku2017/pp29_gaiyou.pdf,2017-04,
2017,2038,1.4336,1.6361,1.2410,https://www.ipss.go.jp/pp-zenkoku/j/zenkoku2017/pp29_gaiyou.pdf,2017-04,
2017,2039,1.4342,1.6361,1.2421,https://www.ipss.go.jp/pp-zenkoku/j/zenkoku2017/pp29_gaiyou.pdf,2017-04,
2017,2040,1.4348,1.6362,1.2431,https://www.ipss.go.jp/pp-zenkoku/j/zenkoku2017/pp29_gaiyou.pdf,2017-04,
2017,2041,1.4355,1.6363,1.2441,https://www.ipss.go.jp/pp-zenkoku/j/zenkoku2017/pp29_gaiyou.pdf,2017-04,
2017,2042,1.4362,1.6365,1.2451,https://www.ipss.go.jp/pp-zenkoku/j/zenkoku2017/pp29_gaiyou.pdf,2017-04,
2017,2043,1.4368,1.6366,1.2461,https://www.ipss.go.jp/pp-zenkoku/j/zenkoku2017/pp29_gaiyou.pdf,2017-04,
2017,2044,1.4374,1.6367,1.2471,https://www.ipss.go.jp/pp-zenkoku/j/zenkoku2017/pp29_gaiyou.pdf,2017-04,
2017,2045,1.4380,1.6368,1.2481,https://www.ipss.go.jp/pp-zenkoku/j/zenkoku2017/pp29_gaiyou.pdf,2017-04,
2017,2046,1.4387,1.6369,1.2491,https://www.ipss.go.jp/pp-zenkoku/j/zenkoku2017/pp29_gaiyou.pdf,2017-04,
2017,2047,1.4393,1.6371,1.2501,https://www.ipss.go.jp/pp-zenkoku/j/zenkoku2017/pp29_gaiyou.pdf,2017-04,
2017,2048,1.4398,1.6373,1.2510,https://www.ipss.go.jp/pp-zenkoku/j/zenkoku2017/pp29_gaiyou.pdf,2017-04,
2017,2049,1.4404,1.6377,1.2518,https://www.ipss.go.jp/pp-zenkoku/j/zenkoku2017/pp29_gaiyou.pdf,2017-04,
2017,2050,1.4409,1.6381,1.2524,https://www.ipss.go.jp/pp-zenkoku/j/zenkoku2017/pp29_gaiyou.pdf,2017-04,
2017,2051,1.4413,1.6387,1.2527,https://www.ipss.go.jp/pp-zenkoku/j/zenkoku2017/pp29_gaiyou.pdf,2017-04,
2017,2052,1.4416,1.6393,1.2529,https://www.ipss.go.jp/pp-zenkoku/j/zenkoku2017/pp29_gaiyou.pdf,2017-04,
2017,2053,1.4418,1.6399,1.2528,https://www.ipss.go.jp/pp-zenkoku/j/zenkoku2017/pp29_gaiyou.pdf,2017-04,
2017,2054,1.4419,1.6405,1.2526,https://www.ipss.go.jp/pp-zenkoku/j/zenkoku2017/pp29_gaiyou.pdf,2017-04,
2017,2055,1.4420,1.6410,1.2523,https://www.ipss.go.jp/pp-zenkoku/j/zenkoku2017/pp29_gaiyou.pdf,2017-04,
2017,2056,1.4420,1.6416,1.2519,https://www.ipss.go.jp/pp-zenkoku/j/zenkoku2017/pp29_gaiyou.pdf,2017-04,
2017,2057,1.4421,1.6421,1.2516,https://www.ipss.go.jp/pp-zenkoku/j/zenkoku2017/pp29_gaiyou.pdf,2017-04,
2017,2058,1.4421,1.6427,1.2513,https://www.ipss.go.jp/pp-zenkoku/j/zenkoku2017/pp29_gaiyou.pdf,2017-04,
2017,2059,1.4422,1.6432,1.2510,https://www.ipss.go.jp/pp-zenkoku/j/zenkoku2017/pp29_gaiyou.pdf,2017-04,
2017,2060,1.4424,1.6437,1.2508,https://www.ipss.go.jp/pp-zenkoku/j/zenkoku2017/pp29_gaiyou.pdf,2017-04,
2017,2061,1.4425,1.6441,1.2507,https://www.ipss.go.jp/pp-zenkoku/j/zenkoku2017/pp29_gaiyou.pdf,2017-04,
2017,2062,1.4427,1.6444,1.2506,https://www.ipss.go.jp/pp-zenkoku/j/zenkoku2017/pp29_gaiyou.pdf,2017-04,
2017,2063,1.4429,1.6448,1.2507,https://www.ipss.go.jp/pp-zenkoku/j/zenkoku2017/pp29_gaiyou.pdf,2017-04,
2017,2064,1.4431,1.6450,1.2508,https://www.ipss.go.jp/pp-zenkoku/j/zenkoku2017/pp29_gaiyou.pdf,2017-04,
2017,2065,1.4433,1.6452,1.2510,https://www.ipss.go.jp/pp-zenkoku/j/zenkoku2017/pp29_gaiyou.pdf,2017-04,
2023,2020,1.3298,1.3298,1.3298,https://www.ipss.go.jp/pp-zenkoku/j/zenkoku2023/pp2023_gaiyou.pdf,2023-04-26,
2023,2021,1.3048,1.4556,1.1665,https://www.ipss.go.jp/pp-zenkoku/j/zenkoku2023/pp2023_gaiyou.pdf,2023-04-26,
2023,2022,1.2480,1.3936,1.1136,https://www.ipss.go.jp/pp-zenkoku/j/zenkoku2023/pp2023_gaiyou.pdf,2023-04-26,
2023,2023,1.2251,1.3721,1.0891,https://www.ipss.go.jp/pp-zenkoku/j/zenkoku2023/pp2023_gaiyou.pdf,2023-04-26,
2023,2024,1.2681,1.4276,1.1206,https://www.ipss.go.jp/pp-zenkoku/j/zenkoku2023/pp2023_gaiyou.pdf,2023-04-26,
2023,2025,1.2713,1.4391,1.1165,https://www.ipss.go.jp/pp-zenkoku/j/zenkoku2023/pp2023_gaiyou.pdf,2023-04-26,
2023,2026,1.2759,1.4526,1.1137,https://www.ipss.go.jp/pp-zenkoku/j/zenkoku2023/pp2023_gaiyou.pdf,2023-04-26,
2023,2027,1.2859,1.4721,1.1158,https://www.ipss.go.jp/pp-zenkoku/j/zenkoku2023/pp2023_gaiyou.pdf,2023-04-26,
2023,2028,1.2973,1.4932,1.1193,https://www.ipss.go.jp/pp-zenkoku/j/zenkoku2023/pp2023_gaiyou.pdf,2023-04-26,
2023,2029,1.3069,1.5123,1.1216,https://www.ipss.go.jp/pp-zenkoku/j/zenkoku2023/pp2023_gaiyou.pdf,2023-04-26,
2023,2030,1.3152,1.5300,1.1228,https://www.ipss.go.jp/pp-zenkoku/j/zenkoku2023/pp2023_gaiyou.pdf,2023-04-26,
2023,2031,1.3223,1.5461,1.1233,https://www.ipss.go.jp/pp-zenkoku/j/zenkoku2023/pp2023_gaiyou.pdf,2023-04-26,
2023,2032,1.3277,1.5602,1.1227,https://www.ipss.go.jp/pp-zenkoku/j/zenkoku2023/pp2023_gaiyou.pdf,2023-04-26,
2023,2033,1.3307,1.5710,1.1205,https://www.ipss.go.jp/pp-zenkoku/j/zenkoku2023/pp2023_gaiyou.pdf,2023-04-26,
2023,2034,1.3326,1.5801,1.1181,https://www.ipss.go.jp/pp-zenkoku/j/zenkoku2023/pp2023_gaiyou.pdf,2023-04-26,
2023,2035,1.3336,1.5873,1.1154,https://www.ipss.go.jp/pp-zenkoku/j/zenkoku2023/pp2023_gaiyou.pdf,2023-04-26,
2023,2036,1.3339,1.5928,1.1127,https://www.ipss.go.jp/pp-zenkoku/j/zenkoku2023/pp2023_gaiyou.pdf,2023-04-26,
2023,2037,1.3338,1.5970,1.1103,https://www.ipss.go.jp/pp-zenkoku/j/zenkoku2023/pp2023_gaiyou.pdf,2023-04-26,
2023,2038,1.3338,1.6005,1.1085,https://www.ipss.go.jp/pp-zenkoku/j/zenkoku2023/pp2023_gaiyou.pdf,2023-04-26,
2023,2039,1.3338,1.6033,1.1073,https://www.ipss.go.jp/pp-zenkoku/j/zenkoku2023/pp2023_gaiyou.pdf,2023-04-26,
2023,2040,1.3341,1.6056,1.1067,https://www.ipss.go.jp/pp-zenkoku/j/zenkoku2023/pp2023_gaiyou.pdf,2023-04-26,
2023,2041,1.3347,1.6077,1.1067,https://www.ipss.go.jp/pp-zenkoku/j/zenkoku2023/pp2023_gaiyou.pdf,2023-04-26,
2023,2042,1.3354,1.6095,1.1070,https://www.ipss.go.jp/pp-zenkoku/j/zenkoku2023/pp2023_gaiyou.pdf,2023-04-26,
2023,2043,1.3364,1.6113,1.1076,https://www.ipss.go.jp/pp-zenkoku/j/zenkoku2023/pp2023_gaiyou.pdf,2023-04-26,
2023,2044,1.3375,1.6130,1.1085,https://www.ipss.go.jp/pp-zenkoku/j/zenkoku2023/pp2023_gaiyou.pdf,2023-04-26,
2023,2045,1.3388,1.6145,1.1097,https://www.ipss.go.jp/pp-zenkoku/j/zenkoku2023/pp2023_gaiyou.pdf,2023-04-26,
2023,2046,1.3401,1.6161,1.1110,https://www.ipss.go.jp/pp-zenkoku/j/zenkoku2023/pp2023_gaiyou.pdf,2023-04-26,
2023,2047,1.3415,1.6174,1.1124,https://www.ipss.go.jp/pp-zenkoku/j/zenkoku2023/pp2023_gaiyou.pdf,2023-04-26,
2023,2048,1.3429,1.6187,1.1140,https://www.ipss.go.jp/pp-zenkoku/j/zenkoku2023/pp2023_gaiyou.pdf,2023-04-26,
2023,2049,1.3442,1.6197,1.1155,https://www.ipss.go.jp/pp-zenkoku/j/zenkoku2023/pp2023_gaiyou.pdf,2023-04-26,
2023,2050,1.3453,1.6206,1.1169,https://www.ipss.go.jp/pp-zenkoku/j/zenkoku2023/pp2023_gaiyou.pdf,2023-04-26,
2023,2051,1.3464,1.6215,1.1181,https://www.ipss.go.jp/pp-zenkoku/j/zenkoku2023/pp2023_gaiyou.pdf,2023-04-26,
2023,2052,1.3473,1.6222,1.1190,https://www.ipss.go.jp/pp-zenkoku/j/zenkoku2023/pp2023_gaiyou.pdf,2023-04-26,
2023,2053,1.3479,1.6228,1.1198,https://www.ipss.go.jp/pp-zenkoku/j/zenkoku2023/pp2023_gaiyou.pdf,2023-04-26,
2023,2054,1.3485,1.6234,1.1203,https://www.ipss.go.jp/pp-zenkoku/j/zenkoku2023/pp2023_gaiyou.pdf,2023-04-26,
2023,2055,1.3490,1.6239,1.1207,https://www.ipss.go.jp/pp-zenkoku/j/zenkoku2023/pp2023_gaiyou.pdf,2023-04-26,
2023,2056,1.3493,1.6242,1.1211,https://www.ipss.go.jp/pp-zenkoku/j/zenkoku2023/pp2023_gaiyou.pdf,2023-04-26,
2023,2057,1.3497,1.6247,1.1213,https://www.ipss.go.jp/pp-zenkoku/j/zenkoku2023/pp2023_gaiyou.pdf,2023-04-26,
2023,2058,1.3500,1.6252,1.1214,https://www.ipss.go.jp/pp-zenkoku/j/zenkoku2023/pp2023_gaiyou.pdf,2023-04-26,
2023,2059,1.3503,1.6257,1.1215,https://www.ipss.go.jp/pp-zenkoku/j/zenkoku2023/pp2023_gaiyou.pdf,2023-04-26,
2023,2060,1.3506,1.6263,1.1216,https://www.ipss.go.jp/pp-zenkoku/j/zenkoku2023/pp2023_gaiyou.pdf,2023-04-26,
2023,2061,1.3510,1.6270,1.1218,https://www.ipss.go.jp/pp-zenkoku/j/zenkoku2023/pp2023_gaiyou.pdf,2023-04-26,
2023,2062,1.3515,1.6278,1.1220,https://www.ipss.go.jp/pp-zenkoku/j/zenkoku2023/pp2023_gaiyou.pdf,2023-04-26,
2023,2063,1.3520,1.6287,1.1222,https://www.ipss.go.jp/pp-zenkoku/j/zenkoku2023/pp2023_gaiyou.pdf,2023-04-26,
2023,2064,1.3526,1.6297,1.1226,https://www.ipss.go.jp/pp-zenkoku/j/zenkoku2023/pp2023_gaiyou.pdf,2023-04-26,
2023,2065,1.3533,1.6307,1.1230,https://www.ipss.go.jp/pp-zenkoku/j/zenkoku2023/pp2023_gaiyou.pdf,2023-04-26,
2023,2066,1.3541,1.6318,1.1235,https://www.ipss.go.jp/pp-zenkoku/j/zenkoku2023/pp2023_gaiyou.pdf,2023-04-26,
2023,2067,1.3549,1.6329,1.1241,https://www.ipss.go.jp/pp-zenkoku/j/zenkoku2023/pp2023_gaiyou.pdf,2023-04-26,
2023,2068,1.3557,1.6340,1.1247,https://www.ipss.go.jp/pp-zenkoku/j/zenkoku2023/pp2023_gaiyou.pdf,2023-04-26,
2023,2069,1.3565,1.6351,1.1253,https://www.ipss.go.jp/pp-zenkoku/j/zenkoku2023/pp2023_gaiyou.pdf,2023-04-26,
2023,2070,1.3573,1.6362,1.1259,https://www.ipss.go.jp/pp-zenkoku/j/zenkoku2023/pp2023_gaiyou.pdf,2023-04-26,
